hour,spcode,pred_MC_dry
24,AbCaPi,45.88722906
24,AbCaQu,123.6396556
24,AbPiQu,118.0550375
24,CaPiQu,129.4983367
48,AbCaPi,30.09398158
48,AbCaQu,84.80543663
48,AbPiQu,70.65887864
48,CaPiQu,85.25098473
72,AbCaPi,20.49189764
72,AbCaQu,56.0048259
72,AbPiQu,45.90837767
72,CaPiQu,54.27232409
96,AbCaPi,15.37560729
96,AbCaQu,21.83598
96,AbPiQu,14.69321926
96,CaPiQu,21.34476442
