spcode,leaf.length,leaf.area,LMA,SLA,stem.den,sustain,spread,combus,consum,bulk,b75.heat100,ignit,b75.numsecs100,avg.t100,mixture
Abco,20.26542377,27.37502008,0.000506578,2556.238947,0.576708201,830.65,0.208,773.333,93.977,0.036,2884.333333,1.9,520.25,309.3673642,FALSE
Abma,11.21948866,9.360740055,0.001598552,770.2466667,0.705333333,1257.72,0.129,744,96.675,0.042,3810.7,3.1,678.5,337.7498715,FALSE
Cade,68.57393894,849.7578893,0.000479514,2300.096667,0.708978061,1532.633,0.109,516.667,74.969,0.067,2948.833333,3.3,616.5833333,279.9640544,FALSE
Pije,149.4,1619.002824,0.00023318,2183.333333,0.537165763,487.52,0.321,1060,95.437,0.02,2923,2.7,638.6,273.3970329,FALSE
Pila,80.51,646.1538993,0.000163728,3378.461538,0.581765953,690.32,0.277,854,85.637,0.024,2783.7,2.1,569.2,314.2110575,FALSE
Pipo,192.8888889,1521.321749,0.000233753,2143.333333,0.52,765.8,0.202,974,96.836,0.025,2893.7,7.1,629,271.6179756,TRUE
Quke,63.98626518,1919.344657,0.000107512,9538.6225,0.744734935,595.48,0.438,959,89.221,0.019,3612,1.2,646.8,353.2935861,FALSE
Segi,64.65098949,388.0944944,0.000960064,1108.786667,0.65867413,1880.12,0.091,586,88.457,0.063,3302.4,5.1,698.2,285.866985,FALSE
